Age	Years	Memory
8	2000	Мамин кабинет с книжками
8	2000	*Меня ограбил старшеклассник*
8	2000	*Руслан и матерный стишок*
9	2001	Велосипед с Артуром
10	2002	*Высокий берег колики*
10	2002	Голубая горка в аквапарке
10	2002	Павлин-мавлин
10	2002	Грязевой вулкан
10	2002	Шторм на Азове
10	2002	Абрикосы в поезде
11	2003	Плачущая Вика
11	2003	По пути с Равшаном
11	2003	Игра в девочку в ванной
11	2003	Первая мастурбация
11	2003	"Блядь!" и Айдар
11	2003	Учитель по математике
12	2004	*"Сука сожгу"*
12	2004	*"Ты можешь задавать любые вопросы про отца"*
12	2004	?Велосипеды, я обидел Айдара
12	2004	*Сексуальные ласки с двоюродной сестрой в деревне*
13	2005	*"Ребёнок должен повидать мир!"*
13	2005	Аделя самолёт
13	2005	Зеркало и портрет на мансарде
13	2005	Торт с Пастушкой
13	2005	Вартов, кровать и город потерянных детей
13	2005	Пицца с колбасой в доме Беттины
13	2005	Море и шиповник
13	2005	Электричка в Оденсе
13	2005	Голубоглазая валькирия и драккар
13	2005	Парк аттракционов Копенгаген, я пою
13	2005	Ветрянка
13	2005	Аделя: "Сука, ебанутый!"
13	2005	*"Кирилл, скажи Эмилю, что не судьба"*
13	2005	Розалька "случайно" утаскивала мои учебники
13	2005	Антон избил Кирилла
14	2006	Пробежка 8 км
14	2006	300-метровка Мишкино
14	2006	?"Хочу стать великим учёным!"
14	2006	Урок биологии с Миникаевым
14	2006	"Гликоген!"
14	2006	Чай у Р.Г.
14	2006	Полевая практика с Р.Г.
15	2007	Глаза Ксюши
15	2007	*У входа в Дом Пионеров*
15	2007	Ксюшин дом
15	2007	Булат курит
15	2007	Улыбка Алисы
15	2007	Беседа с Суриком
16	2008	*Сбор сумки*
16	2008	Гребаный обледеневший вокзал в Тюмени
16	2008	Песня Чойгана
16	2008	Я назвал Дашу вешалкой
16	2008	Стулья спина к спине
16	2008	Макдональдс в Тюмени
16	2008	Протухшая курица и пирожки
16	2008	Конфликт с Ямальчуком
16	2008	Гитара и Соловьёв
16	2008	Дух и фонарик
16	2008	Кровать Ярамира
16	2008	*Плач в лесу*
16	2008	Вручение первого диплома
16	2008	Последнее объятие Тани
16	2008	Стихотворение Тани
16	2008	Женька в Москве
16	2008	*Сборы на межнар общага*
16	2008	З.Ш. занятия химии
17	2009	Украли телефон в Москве
17	2009	Игра в карты на интерес
17	2009	Битва на колбасах
17	2009	Объятия Верки в поезде
17	2009	*Арслан выгнал на улицу*
17	2009	"Агидель", номер 223
17	2009	Оранжевая толстовка со смешными шнурками
17	2009	Холодное озеро и Таня
17	2009	*Таня потеряла сознание*
17	2009	*Северный автовокзал Уфа*
17	2009	*Вокзал Красноярска*
17	2009	Полнолуние на Зелёной Роще
17	2009	Удар ногой в шкаф
18	2010	*Фотоаппарат*
18	2010	Димка в Уфе
18	2010	*Арслан попытался меня избить с дружками*
18	2010	Вика и Доктор Хаус
18	2010	Капуста и маца на Песах
18	2010	Бутылочная мельница
18	2010	Димка с Лиорой балуются
18	2010	Очень приятный танец с девочкой, которая танцевала с моим другом
18	2010	Танец на выпускном и дурацкий фотограф
18	2010	*Вокзал Самара*
18	2010	Андрюха с гитарой
18	2010	Поющая хозяйка
18	2010	Каштаны зацвели осенью
18	2010	Арцыбуха вонючий кабинет
18	2010	Туман и анатомичка
18	2010	Сломавшийся трамвай Самара
18	2010	*Добрый психиатр с мягкими руками*
19	2011	День рождения в Самаре
19	2011	*Восьмёрка пик в снегу*
19	2011	*Каша в психушке*
19	2011	*Вязание шарфа*
19	2011	*Мама и автовокзал*
19	2011	Истерика дома на диване
19	2011	"Или туда, или никуда не поеду!"
19	2011	Утро в Академгородке
19	2011	Коля качает пресс
19	2011	Мимоза на столе в столовой
19	2011	*Букет васильков*
19	2011	Лагерь бомжей
19	2011	Покупка гитары и добрый мужик
19	2011	Шпаргалка под пиджаком
19	2011	Лесная посвяга
20	2012	Новый год в общаге
20	2012	"Коленькааа!"
20	2012	Греко-римская борьба
20	2012	?*Смерть кота*
20	2012	*Поцелуй Полины*
20	2012	Варкрафт в курилке
20	2012	Неудачный футбол
21	2013	Первый табак
21	2013	Лыжи и сигареты
21	2013	Огромные цветущие лилии
21	2013	Практика, маршрут 1209
21	2013	Сашка и старички
21	2013	Операция на колене
21	2013	*Вечер с Лерой*
21	2013	Сашкино кольцо
21	2013	"Хребты!"
21	2013	Первый секс с Сашкой
22	2014	Плеер и свиные ребрышки
22	2014	Сигареты и микробиология
22	2014	Юля: "Бывший!"
22	2014	Медиана и пьяная Саша
22	2014	Саша молится
22	2014	Мы с Сашей хороним Реми
22	2014	*Лифт*
22	2014	Виски
22	2014	Тарзанка крыша
22	2014	Доктор Кто
22	2014	*Пирог*
22	2014	Казань ночное курение
22	2014	Купание в Волге
23	2015	Медтурнир, я допиливаю презентации, пока остальные спят, сволочи
23	2015	Катя и Аяна поймали мышку и боятся её трогать
23	2015	*Первая паническая атака*
23	2015	*Передоз анаприлином*
23	2015	*Покупка справки*
24	2016	Коля истерика с китайскими шутками
24	2016	Родильное отделение
24	2016	Спящая в машине Кита Юля
24	2016	Концерт "Мельницы" с Мариной, снегопад
25	2017	Я погладил Вику
25	2017	Вика пришла спать ко мне
25	2017	*Орхит*
25	2017	Золотые волосы спящей Вики
25	2017	Танец с блинчиками
25	2017	Любительница складывать ноги на меня
25	2017	Первомай Буготак, холод, сопка и ржавый мост
25	2017	Секс с удушением
25	2017	Ройбуш и саган-дайля
25	2017	Номер в Томске
25	2017	Проливной дождь и красное платье
25	2017	*"Помолчи, пожалуйста"*
25	2017	*Она унесла имбирь*
25	2017	Пьяная Вика пристаёт
25	2017	*Кукольник*
25	2017	*Операция на гланды*
25	2017	*Меня выгнали из больницы с кровотечением*
25	2017	Первый прокол ушей
26	2018	Самолёт в Питер
26	2018	Марина и ночной Питер
26	2018	*Приезд в Калининград*
26	2018	Добрая женщина на раздолбанной машине
26	2018	Администраторша в хостеле и омела
26	2018	Лебеди в Преголе
26	2018	Квартира морячка и дружелюбная собака
26	2018	*Михаэль обиделась*
26	2018	*Машина Надин*
26	2018	Цветущие каштаны и звон с Кафедрального собора
26	2018	Трудоустройство на склад
26	2018	Поцелуй с Надей
26	2018	Надя и кофейня
26	2018	Разговор со Светой об Амстердаме
26	2018	Драка с Баклановым
26	2018	Прогулка с Тохой и Настей к лягушкам
26	2018	Дома у Тохи смотрим картинки
26	2018	Дреды у Ворона
26	2018	Светлогорск Балтика, ободранные колени и лес
26	2018	Кинутый в Преголю нож
26	2018	Уютная квартирка Марины
26	2018	Безумная прогулка по летнему Питеру
26	2018	Девочка, которой нравились мои рисунки
26	2018	Шестопалова
26	2018	Тропа предков Бородин "сьекс!"
26	2018	В лесу с Крис
26	2018	*Поцелуй с Крис*
26	2018	*Крис испугалась зажигалки*
27	2019	Танцы
27	2019	Смена в Вилке-Ложке
27	2019	Герман, собрание транс-людей
27	2019	Гнилое офисное здание
27	2019	Один прекрасный вечер сентября
27	2019	Парфюм Маши
27	2019	Смерть соседки
28	2020	*Признание Тане*
28	2020	Массаж
28	2020	Обдолбанная Даша и Клетка
28	2020	*Выбитая дверь*
